BATCH,HQ,HK,N_CTX_Q,N_CTX_K,TFLOPS
16.000000,16.000000,16.000000,1024.000000,1024.000000,169.953268
