M,K,N,E,top_k,TFLOPS
64.000000,128.000000,256.000000,8.000000,2.000000,0.106786
64.000000,1024.000000,1792.000000,8.000000,2.000000,5.040689
1024.000000,4096.000000,7168.000000,8.000000,2.000000,250.097741
4096.000000,4096.000000,7168.000000,8.000000,2.000000,394.569816
1024.000000,4096.000000,14336.000000,8.000000,2.000000,313.915161
4096.000000,4096.000000,14336.000000,8.000000,2.000000,421.260017
